채소,고구마,1632174,1666971,,3,중,10,상,가을-10월 중순,2254,메꽃과의 여러해살이 뿌리채소로， 녹말이 많고 단맛이 나는 혹줄기를 가진 재배용 작물이다. 꽃은 나팔꽃과 유사하며， 씨앗으로도 번식하나 영양뿌리를 얻기 위해 경작할 때에는 씨앗으로 경작하지 않는다.,Y,고구마는 따뜻한 기후를 좋아하는 고온 작물로 한국의 봄 날씨와는 어울리지 않는다. 자라는 데 알맞은 온도는 30-35 °C이다. 땅은 너무 습한 곳이 아니면 그다지 가리지 않으며 산성 땅에서도 비교적 잘 된다. 고구마는 싹을 길러서 심는데 싹기르기는 온상에서 한다. 3월 중·하순에 온상을 만들고 온상의 온도가 30-35 °C가 되면 씨고구마를 묻는다. 5월 상순-중순경 싹이 30cm로 자라면 20-30cm 간격으로 꽂는다. 이때 순과 잎이 땅 위에 나오도록 심는다.<br>텃밭이나 주말농장을 하는 경우에는 5월초에 시중에서 판매하는 고구마 싹을 구입해 심는 것이 좋다. 6월경이 되면 줄기가 제법 자라나 뻗기 시작하는데 비 온 뒤에 줄기를 잘라 보충용으로 쓰거나 새로운 밭에 심어도 잘 자란다. 밭은 물빠짐이 좋아야 하고 통기성이 우수해야 한다. 퇴비를 많이 넣으면 질소질이 많아져 잎과 줄기만 무성해지고 알이 들지 않는 현상이 생긴다. 두둑을 만들지 않고 심어도 고구마가 생기기는 하지만 이랑이 높은 밭보다는 크기도 작고 수량도 많지 않다.,검은무늬병<br>덩굴쪼김병<br>줄기뿌리썩음병<br>얼룩무늬바이러스<br>무름병<br>경종적 병 방제<br>검은점박이병<br>뿌리혹선충<br>검은나방<br>기타해충,,"고구마는 탄수화물이 많은 식품으로 주식으로도 쓰인다. 그밖에도 지방과 단백질, 비타민C, 비타민E, 칼륨, 티아민, 철분 등이 풍부하게 들어있다. 섬유질이 풍부하여 다이어트에 효과적이며 변비 예방에도 도움을 준다. 베타카로틴과 강글리오사이드 성분은 항암작용을 해 폐암 발병률을 낮추는 데 도움을 준다.칼륨이 많은데, 칼륨은 몸 속에 있는 나트륨을 밖으로 배출시켜 혈압을 낮추는 작용을 하며 고혈압 예방에 좋다. 또한 다양한 비타민의 작용으로 노화 방지 및 피부 미용에도 효과가 있다. 특히, 고구마에 들어 있는 비타민 C는 다른 식품의 비타민 C와는 달리 익혀 먹더라도 50~70%까지 남아 있어 파괴되지 않고 섭취할 수 있다."
채소,감자,1185492,898787,,1,상,7,상,여름-8월 하순,898,감자는 비타민과 미네랄을 함유하고 있다. 또한 지방과 단백질에 비해 탄수화물 함량이 높고 철분， 마그네슘과 같은 중요한 무기성분 및 비타민 C， B1， B2， 나이아신과 같은 인체에 꼭 필요한 비타민을 함유하고 있으며， 당분이 낮고 열량이 낮아서 다이어트 식품으로 많이 선호하는 편이다.,Y,감자는 비교적 서늘한 기후를 좋아하는데 자라는 데 가장 알맞은 온도는 20°C쯤이다. 씨감자는 고랭지에서 가꾼 것을 쓴다. 3월 하순-5월 상순에 포기 사이 18-25cm로 한 군데에 쪼갠 씨감자 1쪽씩을 자른 면이 밑으로 가게 심은 다음 흙을 5cm쯤 덮는다. 싹이 트면 한 포기에 2대쯤만 남겨놓고 솎아 준다. 감자는 자라는 기간이 짧으므로 모든 거름은 밑거름으로 준다. 6월 하순-7월 상순에 수확하며 수확한 감자는 그늘에서 잘 말려 저장한다.,감자역병<br>감자흑각병<br>진딧물<br>감자 바이러스병<br>모자이크병<br>잎말림병<br>무름병<br>풋마름병<br>더뎅이병<br>둘레썩음병<br>흑갈병<br>흑색심부병<br>겹둥근무늬병,,감자는 삶아서 주식 또는 간식으로 하고 굽거나 기름에 튀겨 먹기도 한다. 소주의 원료와 알코올의 원료로 사용되고 감자 녹말은 당면 공업용 원료로 이용하는 이외에 좋은 사료도 된다.<br>감자는 설탕으로 간을 하는 경우 토마토와 마찬가지로 감자의 비타민 B1이 설탕을 대사하는 과정에서 소비되어 영양학적으로 좋지 않다. 감자는 소금이나 된장으로 간을 하는 것이 바람직한데 이 경우 감자의 칼륨이 소금이나 된장의 나트륨을 배출하므로 합리적이다. 특히 된장으로 간을 하면 된장이 발효되는 과정에서 생성되는 여러 펩타이드가 항산화작용을 하므로 건강에 유익하다.
채소,당근,2141367,1372092,,4,null,7,null,여름-8월,1080,당근은 특유의 향긋한 향과 달콤한 맛， 그리고 주홍빛 색깔이 특징입니다. 당근은 샐러드에 넣어 생으로 먹거나 볶음 요리와 찜 요리로 먹습니다. 여름과 가을에 각각 한 번씩 수확할 수 있는 두해살이풀로 베타카로틴 성분이 풍부해 눈 건강에 좋고 노화 방지 및 암 예방에도 좋습니다.,Y,당근은 45-60cm 간격으로 작은 씨를 심어 재배한다. 토양은 겉흙이 깊고 물빠짐이 좋으며 모래나 거름을 포함한 기름진 것이 제일 좋다. 당근은 추운 겨울에도 살아남을 수 있으며 여름철의 심한 더위도 잘 이겨낸다.,혹병<br>모자이크병<br>점무늬병<br>검은잎마름병<br>흰가루병<br>무름병<br>당근뿌리속선충<br>아메리카잎굴파리성충,,극미량의 비타민 B1 비타민 B2 등을 비롯해 비타민 B군과 비타민 C 비타민 K등 여러 종류가 함유되어 있다. 그뿐만 아니라 사람의 몸에서 비타민 A로 바뀌는 카로틴이라는 물질도 들어있으며 당분하고 철분이 풍부하다. <br>당근은 날것으로도 먹을 수 있지만 익혀서 먹으면 베타카로틴 같은 영양분 흡수율이 훨씬 더 높아져셔 소화도 훨씬 더 잘 된다.
채소,봄배추,997529,1020740,,3,중,5,하,여름-6월 하순,288,배추는 수분 함량도 높고 비타민C 등 영양소가 풍부하게 함유되어 있으며， 특히 섬유질이 풍부한 채소입니다. 중국에서는 배추를 두고 백채불여백채(白菜不如白菜)라 합니다. 이는 어느 채소도 배추만 한 게 없다는 뜻입니다. 우리나라에서 배추는 ‘채소의 왕’이라 불리는 인기 있는 작물입니다.,Y,재배 방법은 시기에 따라 1 2월에 비닐하우스 안에 파종했다가 4월에 수확하는 촉성 및 반촉성재배 4월에 파종하여 6월에 수확하는 봄재배 해발 600미터 이상 되는 고랭지에서 5 6월에 파종하여 8 9월에 수확하는 고랭지지배 결구가 되지 않는 품종을 6 7월에 평지에 파종하여 7 8월에 수확하는 여름재배 등으로 나눌 수 있는데 흔히는 8월에 파종하여 11월에 수확하는 가을재배이다. 파종 적기는 재배 방법이나 지역에 따라 다르나 가을재배는 그 지방의 평균기온이 15°C가 되는 날부터 35일 전에 파종하여야 한다. 만일 이보다 늦게 파종하면 충분히 결구되지 못하므로 상품성이 떨어진다. 반면에 촉성이나 반촉성재배는 최저기온이 13°C 이하가 되지 않게 관리해야 한다. 왜냐하면 이와 같은 낮은 온도에서 약 2주일간 자라게 되면 꽃눈이 생겨서 결구가 되지 않고 꽃대가 오르기 때문이다.,노균병<br>무름병<br>바이러스병<br>배추좀나방<br>연부병<br>양배추가루진딧물<br>목화진딧물<br>무테두리진딧물<br>배추벼룩잎벌레<br>밑둥썩음병<br>검은무늬병<br>무사마귀병<br>,,식이섬유가 많아 변비에 좋고 비타민과 무기질이 풍부하여 감기 예방과 면역력 증가에도 효과가 있다.
채소,시금치,1051402,1530217,,2,상,3,중,여름-7월 상순,2586,시금치는 아프가니스탄 주변의 중앙아시아에서 재배되기 시작하여 이란 지방을 중심으로 오랫동안 재배되었다. 내한성이 강해 서늘한 봄， 가을과 겨울에 잘 자라며 이때 수확한 시금치는 비타민 C가 풍부하게 함유되어 있습니다. 시금치는 철분의 흡수를 돕는 비타민 C나 항 빈혈 작용을 하는 엽산도 풍부하므로 빈혈이 있는 사람에게는 의식해서 섭취하면 좋은 채소입니다.,N,시금치의 재배 형태는 봄가꾸기·여름가꾸기·가을가꾸기의 세 가지가 있다. 봄가꾸기는 4~5월에 씨를 뿌려 5~6월에 수확하는 것으로 대표적인 품종으로는 노벨이 있다. 여름가꾸기는 6~8월에 씨를 뿌려 8~10월에 수확하는 형태로 재래종이 재배되나 온도가 25°C 이상 되면 자라지 않으므로 고랭지에서만 재배된다. 가을가꾸기는 9~10월에 씨를 뿌려 10~11월에 수확하는 것으로 주로 우성시금치가 재배된다. 파종은 줄뿌림을 주로 하며 시비량은 10a당 질소 20kg 칼륨 15kg 인산 12kg 정도이다. 수확은 재배 시기에 따라 다르나 파종 뒤 50~60일에 실시한다.,모잘록병<br>버짐병<br>탄저병<br>모자이크병<br>뿌리썩음병<br>포기썩음병,,시금치는 칼슘 인 철 등의 무기성분이 많고 특히 철분함량이 많아 빈혈예방에 좋은 채소이다. 또 비타민 a와 c도 다량 함유되어 비타민의 보급식품으로 매우 중요한 채소이다.
채소,양배추,1292507,983185,,3,중,6,하,여름-7월 상순,383,양배추는 수분함량이 90%를 차지하므로 물로 구성되어 있습니다. 칼로리가 낮고 모든 체중 감량에 도움이 되는 섬유질이 풍부합니다. 단백질， 당질， 무기질， 비타민a， b1， b2， c 등이 상당량 함유되어 있고 필수 아미노산의 일종인 리진이 있어 영양가치가 높다.  비타민 중에는 항궤양성의 비타민 u를 함유하고 있으므로 생즙을 먹으면 위궤양에 효과가 있다.,Y,봄 재배를 한다면 파종 후 온도 관리에 신경을 쓴다. 특히 3월의 야간 기온은 매우 낮으므로 보온 대책을 마련해야 한다. 낮에는 햇볕이 잘 드는 곳에 두고 물이 마르지 않도록 관리해준다.<br>옮겨 심을 때는 모종의 뿌리에 붙은 흙이 떨어지지 않도록 특히 유의해야 한다. 아주 심기 후에는 호미로 모종 둘레에 원을 그리듯 홈을 파고 물을 충분히 주어야 한다.<br>물을 충분히 주면 뿌리가 잘 뻗는다. 여름에 모종을 심는다면 해충 피해가 크므로 한랭사를 씌워서 예방한다.,검은무늬병<br>검은뿌리썩음병<br>검은썩음병<br>균핵병<br>무름병<br>뿌리썩음병<br>뿌리혹병<br>무사마귀<br>잎썩음병<br>,,양배추는 수분함량이 많지만 단백질 당질 무기질 비타민a b1 b2 c 등이 상당량 함유되어 있고 필수 아미노산의 일종인 리진이 있어 영양가치가 높다
채소,토마토,13584110,10697324,,9,상,1,중,봄-5월 상순,2025,토마토에는 식물성 섬유질인 펙틴질 외에도 구연산 · 능금산 · 주석산 · 호박산 등을 함유하여 신맛과 특유의 향기를 내는 녹황색 채소이다. 또한 비타민 A， B₁ B₂C를 고루 함유하고 있고 특히， 비타민 C의 함량이 높아 피로회복은 물론 체력을 기르는 데에도 도움을 주는 건강식품이다.,Y,토마토는 추위에 약한 작물로 늦서리 피해가 없는 5월 초순에 심는다. 토마토는 줄 간격 90cm 포기 간격 60cm로 가급적 넓게 심고 지지대를 세워 줄기를 유인해줘야 한다. 토마토는 곁가지가 많이 발생하므로 원줄기 하나만 남겨놓고 나머지는 보이는 대로 전부 따준다.,역병<br>아메리카잎굴파리<br>잎곰팡이병<br>온실가루이<br>잿빛곰팡이병<br>뿌리혹선충<br>겹둥근무늬병<br>점무늬병,,100g당 카로틴 390㎍ 비타민C 20㎎ 비타민B1 0.05㎎ 비타민B2 0.03㎎ 외에 비타민 B6 칼륨 인 망간 루틴 니아신 등도 함유한다. 단맛의 성분은 과당과 포도당 신맛의 주성분은 시트르산과 말산이다. 토마토의 가장 탁월한 성분은 라이코펜(lycopen)이다.
과일,수박,1991279,2046941,,5,중,7,null,여름-8월 ,900,수분 저장 탱크로 불리는 수박은 달콤하고 청량한 맛이 일품으로， 얼룩무늬가 특징입니다. 수박은 90% 이상이 수분으로 되어 있습니다. ‘천연 이뇨제’라고 해도 좋을 만큼 이뇨작용이 뛰어나고， 소변을 촉진하는 아미노산의 일종인 시트룰린이 많이 들어있습니다. 토마토보다 많은 라이코펜도 풍부합니다. 라이코펜은 세포에 손상을 입히는 활성산소를 제거하는 데 도움을 주는 성분입니다. 또한 암세포 성장을 촉진하는 주요 조절 인자를 억제해 암을 예방하는 효능도 가지고 있습니다.,N,수박은 열대성 식물이므로 재배기간 중에 비교적 높은 온도 25°C가 요구된다. 발아 적온은 25 ~ 30°C이고 토양은 통기성이 좋으며 물이 잘 빠지는 곳으로 토양 산도 pH 5.0 ~ 6.8이 적당하다. <br> 재배방법은 촉성재배·조숙재배·보통재배·가을재배 등이 있다. 촉성재배는 파종부터 수확까지 온실에서 가꾸는 방법으로 주로 남부지방에서 소과종을 대상으로 이루어진다. 조숙재배는 육묘기에만 보온하여 가꾸는 방법으로 현재 주종을 이루는 방법이다. 보통재배는 개간지나 일반 노지에 직파(直播)하여 가꾸는 형태이다. 가을재배는 만숙재배라고도 하는데 주로 연말연시를 대상으로 출하하며 육묘기는 노지에서 가능하나 후기에는 온실에서 재배한다. <br> 수박은 보통 직접 밭에 파종하지 않고 육묘를 하는데 온실재배의 경우는 정식하기 30일 전에 미리 준비한 분에 파종한다. 종자는 종자소독약인 우스플론 800 ~ 1000배액에 30분간 침적시킨 뒤 25 ~ 30°C로 싹틔우기를 실시하여 분에 심는 것이 안전하다. 육묘 기간중에 야간온도가 높으면 떡잎 아래 줄기가 크게 자라 모종이 약하게 되므로 야간온도는 22°C 이상 되지 않게 한다. 또 토양 전염병을 예방하기 위하여 호박이나 박을 대목으로 접을 붙여 재배하는 접목육묘를 실시하기도 하나 수박의 맛이 떨어지고 대목간의 불친화 등의 문제가 있어 점점 그 이용이 줄어들고 있다.,균핵병<br>덩굴마름병<br>역병<br>탄저병<br>흰가루병<br>목화바둑명나방<br>목화진딧물<br>복숭아혹진딧물<br>뿌리혹선충<br>점박이응애<br>파밤나방,,수박은 90% 이상이 수분이지만 이외에 비타민A B1 B2 C와 칼슘 칼륨 철분 등의 무기질과 글루타민산 알기닌 등의 아미노산도 많이 함유되어있다. 또한 포도당 과당 등 당질이 풍부하여 단맛이 나며 여름 생식용이나 샤벳트로 만들어 먹기에 좋다.
과일,배,2603574,2905433,,10,중,10,중,가을-11월 상순,2744,배는 약 87%의 수분으로 이루어져 있고 탄수화물， 당분， 섬유소， 비타민， 유기산 등이 포함되어 있다. 예로부터 한방에서는 이뇨， 숙취， 해열， 변비， 가래， 기침 치료에 배를 사용하였다. 또한 폴리페놀이 많기 때문에 항암， 항염， 항산화 등의 기능성도 가지고 있다. 다른 과일과 비교했을 때 식이섬유가 많으며， 배의 알부틴arbutin과 같은 페놀성 성분은 미백 효과가 있다. 더욱이 배의 과육은 배를 먹을 때 오돌토돌하게 씹히는 석세포로 이루어져 있는데， 이 석세포는 리그닌과 펜토산 성분이 어우러져 형성된 것이다. 석세포는 비타민과 섬유소가 풍부하여 변비에도 도움을 준다.,Y,배나무는 가능한 한 햇볕이 잘 드는 곳에서 강한 바람을 피해야합니다. 또한 서리나 물에 잠기는 경향이 있는 정원의 장소도 피하십시오. 또한 배나무가 자라면서 뿌리를 뻗을 수 있도록 충분한 공간을 확보해야 합니다. 대부분의 배나무는 덤불 모양 또는 부채꼴 모양으로 자랍니다.,검은별무늬병<br>붉은ㄴ별무늬병<br>역병<br>화상병<br>가루깍지벌레<br>깍지벌레류<br>꼬마배나무이<br>복숭아순나방<br>애모무늬잎말이나방<br>점박이응애<br>조팝나무진딧물,,배는 알칼리성 식품으로서 당분(과분 및 자당) 칼륨 사과산·주석산·시트르트산 등의 유기산 비타민 B와 C 섬유소 지방 등 각종 영양소가 풍부하다.
과일,복숭아,2012039,3099703,,3,중,9,null,가을-10월 상순,3525,백도복숭아는 껍질과 과육이 대체로 하얗고 붉게 물들어가는 복숭아로 당도가 높고， 다 익으면 과육이 많아지는 특성이 있다. 겉은 살짝 말캉말캉하고 아삭한 식감이다. 황도복숭아는 껍질과 과육이 노란색을 띠는 복숭아로 백도보다 말랑한 품종이 많고 당도도 높다. 속이 말랑말랑하고 부드럽다. 천도복숭아는 백도와 황도와는 달리 잔털이 없는 것이 특징이다. 붉은색이 많고， 처음엔 신맛이 나다가 씹을수록 달달한 식감이다. 과육은 연하거나 매우 단단하다.,Y,심는 장소는 햇빛 쪼임이 좋고 물 빠짐이 양호한 곳이어야 하며 심는 거리(재식거리)는 최소 3m 간격을 두고 경영적인 재배라면 더 띄어 심는다. 복숭아나무는 금년에 자란 새 가지 위에 꽃눈이 형성되고 다음해에 꽃이 피고 수정되면 열매가 달린다. 즉 2년 결과습성을 갖고 있다,검은별무늬병<br>검은점무늬병<br>세균성구멍병<br>잎오갈병<br>잿빛무늬병<br>탄저병<br>흰가루병<br>갈색날개노린재<br>복숭아가루진딧물<br>복숭아굴나방<br>복숭아순나방<br>복숭아심식나방<br>복숭아유리나방<br>복숭아혹진딧물<br>점박이응애,,100g당 아스파르트산은 복숭아가 284~365㎎으로 사과 42~81㎎ 오렌지 102㎎ 포도 15~29㎎ 보다 월등히 많다. 또 복숭아엔 몸에 필요한 미량원소(미네랄) 측면에서도 칼륨 인 마그네슘 칼슘 셀레늄 망간 구리 아연 등이 골고루 함유돼 있다.
과일,사과,3001070,3070279,,9,중,9,중,가을-10월 상순,3092,과육은 기본적으로 노란색 연두색이며 맛은 품종마다 다르다. 아래 사과 품종 문단을 참고하자. 일반적으로 한국에서 말하는 사과 맛은 달콤새콤 + 아삭아삭하게 씹히는 탄력이 있고 단단한 과육의 식감을 말한다. 종마다 다르지만 잘 익은 사과는 껍질이 벗겨지지 않은 상태에서도 청량감이 있는 좋은 냄새가 난다.,Y,사과는 연평균 기온이 8~11℃ 생육기 평균기온이 15~18℃의 비교적 서늘한 기후에서 재배되는 북부 온대과수이다. 휴면기간 중에는 7℃이하의 적산기간이 1200~1500시간정도 경과되어야 자발휴면이 타파되어 발아 전엽 개화등의 생육이 정상적으로 이루어진다. 겨울철 죄저극온은 -30℃정도가 재배한계온도이지만 발아기 전후의 생육초기에는 쉽게 저온피해를 받는다. 사과의 생육초기 꽃눈이 피해를 입는 한계온도는 다음과 같다<br> <br> 봄철에 저온피해를 받기 쉬운 지역에서는 서리방지 대책으로 살수법 연소법 송풍법등의 대책이 필요하다. <br> <br> 과실비대기의 기온은 20℃전후에서 잎의 광합성 능력이 가장높다. 30℃이상이 되면 호흡작용이 왕성해져서 탄수화물의 생성량보다 호흡에 의한 소비량이 많아 물질의 축적이 이루어지지 않게 되어 과실비대가 불량해지고 꽃눈형성도 나빠지게 된다. <br> <br> 성숙기의 적온은 20~25℃가 적당하여 이보다 낮으면 성숙이 늦어지고 27℃전후에서는 빨라지며 30℃이상의 고온에서는 오히려 늦어지는 것으로 알려져 있다. <br> <br> 과실의 생장은 초기에는 세포분열에 의한 종축생장 후기에는 세포비대에 의한 횡축생장으로 이루어지는데 온도가 높은 따뜻한 지역은 후기생장이 충분히 이루어져 과실모양이 평원형이 되기 쉽고 생육후기의 온도가 낮은 지역은 후기생장이 일찍 정지되어 원형 또는 장원형이 된다. 이 외에도 낮과 밤의 온도교차는 과실의 착색 당 함량과 관계가 크며 야간의 온도가 낮을수록 호흡에 의한 소모량이 적어 착색과 당의 축적에 효과적이다. <br> <br> [강수량 ]<br> 사과나무는 비교적 건조한 기후를 좋아하지만 내건성은 복숭아나무나 포도나무처럼 강한편은 아니다. 4~9월의 강수량이 450mm이하이면 관수가 필요한데 우리나라에서는 연간 강수량이 900~1300mm로 절대량은 부족하지 않지만 강수량이 일정하게 분포되어 있지 않아 건조기시에는 관수가 필요하다. <br> <br> [일조(日照) ]<br> 사과나무가 최대의 광합성 작용을 하는데 필요한 평균광도는 15000Lux정도이며 여름철 맑은 날의 햇빛광도는 100000Lux로 부족하지 않다. 그러나 흐린날이 계속되어 일조시간이 부족하게 되거나 수관내부가 복잡하여 햇빛의 투과가 나쁘면 새가지의 신장이 불량해지고 꽃눈형성 착과 및 과실발육이 나빠진다. <br> <br> [지온 ]<br> 사과의 뿌리는 지온이 7℃ 정도에서부터 생장이 개시되어 20℃ 전후에서 왕성하나 30℃를 넘어가면 생장이 억제된다. 따라서 봄철에 지온이 낮으면 뿌리의 생장이 왕성하지 못하여 발아등의 초기생장이 지연되기 쉬우며 여름철에는 고온에 의해 뿌리가 장해를 받게 된다. <br> <br> 사과나무의 생육에 중요한 지온은 태양의 고도(高度) 경사의 방향과 경사도 재식밀도 표토 관리방법 관수등의 영향을 받게 된다. 대체로 지온이 낮은 봄에는 보온덮개 등을 피복하여 지온상승을 꾀하면 세근의 실장이 빨라져서 수약의 유동이 활발해지고 발아 및 개화등의 초기생육과 과실발육에 유리하다. 여름철 고온기에는 초생재배 멀칭등으로 고온에 의하여 뿌리가 장해를 받지 않도록 하는 것이 중요하다. <br> <br> [바람] <br> 적당한 바람은 증산작용을 촉진시켜 양분과 수분흡수를 돕고 이산화탄소의 공급을 원활하게 하여 광합성 작용에 의한 탄수화물의 축적에 효과적이다. 또한 고온 다습기에는 수관 내의 습도를 낮추어 주어 병해의 발생을 적게하고 엽소현상을 방지하여 동해나 서리피해 발생을 억제하는 효과가 있다. <br> <br> 그러나 3m/sec 이상의 바람은 잎의 광합성 작용을 방해하고 잎의 증산작용을 촉진하여 건조해(乾燥害)를 발생시키며 개화기의 강풍은 화기에 기계적 상해를 입힐 뿐만 아니라 매개곤충의 활동을 저하시켜 수정상태가 나빠진다. 또한 태풍은 줄기 가지 잎 과일에 기계적 상해를 입혀 큰 피해를 주게 된다. <br> <br> <br> [토양조건 ]<br> <br> 사과나무는 생장에 필요한 양분과 수분을 토양에서 얻으므로 토양은 과수에 필요한 양ㆍ수분을 함유하고 있는 모체로서 또한 뿌리의 생장이나 흡수작용과 관계가 깊은 환경요소로서 중요하다. 이들 토양조건중 사과재배에 중요한 인자는 토양깊이 토성 통기성 토양반응 지형등이 있다. <br> <br> -토양깊이 <br> 사과나무는 뿌리가 쉽게 자랄수 있는 토층이 깊어야 뿌리의 발달이 광범위하게 되어 비료분의 흡수기회가 많아져서 비료를 효과적으로 흡수할 수 있다. 또한 겨울철 동해나 여름철의 고온장해를 받는 일이 적어진다. <br> <br> -통기성 <br> 토양에 공기가 잘 통해야만 토양공기중에 산소가 충분히 공급되어 뿌리의 신장 및 양분과 수분의 흡수가 잘 되어 지상부의 생육도 좋아진다. 통기가 불량하면 산소가 부족하게 되어 호흡작용이 억제되고 토양이 환원상태로 되어 여러 가지 유해물질이 축적되어 뿌리의 생육이 저해되며 결국 양ㆍ수분의 흡수감퇴로 지상부의 생육도 불량해진다. <br> <br> -토성 <br> 토양알갱이의 크기에 따라 점토 미사 모래로 나누어지며 이들으 함량에 다라 사토 사양토 식토등의 토성으로 구분된다. 사과나무의 생육은 토성이 갖는 토양의 물리적 성질에 따라 크게 달라진다. 점토함량이 많은 식토에서는 보비력과 보수력은 크지만 수분 및 공기의 투과가 불량하기 때문에 사과나무의 생장이 억제된다. 이와 반대로 모래가 많은 사토에서는 수분 및 공기의 투과는 좋지만 보비력과 보수력이 낮아 과수의 생장이 제한을 받게 된다. 따라서 통기성 및 보비력 보수력의 면에서 사과나무 생장에 이상적인 토성은 점토함량이 중정도인 양토~사양토이다. <br> <br> -토양반응 <br> 사과나무의 생육에 적절한 토양반응은 pH 6.0정도이다. 토양반응은 사과나무의 뿌리활력 영양분의 용해도에 영향을 미쳐 생육에 크게 영향을 미친다. <br> <br> 우리나라는 여름동안의 많은 강우량에 의해 토양중의 탄산칼슘 칼륨 산화마그네슘(MgO) 소다(Na2O)등의 염기 유실량이 많아 산성토양이 대부분이다. 이와 같은 산성토양 내에서의 활성 알루미늄의 해작용에 의해 뿌리생육이 억제되고 각종 양이온의 흡수를 방해하며 인산의 효과를 저해하거나 칼슘(Ca)과 마그네슘(Mg)의 결핍을 일으킨다. 또한 망간(Mn)이 과다하게 흡수되어 생리장해를 발생시키는 요인이 된다. <br> <br> -지형 <br> 과수원 조성시 평지 또는 경사지에 따라 재배방법이 달라질 수 있다. 평지일수록 기계화에 용이하고 투하노력 절감에 의한 경영에 유리하며 경사지일수록 자연적 혜택(동해 서리피해 과실모양)에서 유리한 경향이 있다.,갈색무늬병<br>검은별무늬병<br>겹무늬썩음병<br>부란병<br>붉은별무늬병<br>역병<br>점무늬낙엽병<br>탄저병<br>화상병<br>복숭아순나방<br>복숭아심식나방<br>사과굴나방<br>사과유리나방<br>사과응애<br>사과혹진딧물<br>은무늬굴나방<br>응애<br>잎말이나방<br>점박이응애<br>조팝나무진딧물<br>진딧물<br>톱다리개미허리노린재,,사과는 각종 비타민과 식이섬유가 많아 영양가가 높은 과일이다. 특히 비타민C가 풍부해 보습과 미용 효과가 있으며 활성산소를 제거해 노화를 지연시킨다. 또 사과에 함유된 식이섬유인 펙틴 성분은 장을 깨끗이 청소하는 역할을 하며 위장 운동과 변비 해소를 돕는다.
과일,딸기,13228506,11113969,,3,하,12,상,봄-3월 하순,7498,딸기는 단맛과 신맛이 잘 조화되고 맛이 신뜻하며 향기가 아주 좋습니다. 비타민C가 과일 중에서는 가장 많으며， 새콤한 맛을 내는 유기산이 0.6~1.5% 함유되어 있습니다. 잼， 젤리， 제과 원료， 냉동 딸기 등으로 가공되기도 합니다.,Y,딸기의 일생은 런너의 발생 포기의 발육 꽃눈의 형성 휴면 개화결실하는 일련의 생육단계가 자연의 기후변화에 완전히 일치해 가며 진행된다. 딸기는 저온에서 옥신의 작용으로 생성된 생장호르몬에 의하여 생장하는데 저온의 기간이 부족할 경우에는 왜소화된다. 저온의 기간이 길어지면 웃자라게 되고 러너의 발생도 많아진다. 런너는 저온 경과후 일장과 고온조건으로 발생 신장하며 난지형의 것은 11시간 중간형의 것은 12시간 한지형의 것은 13시간의 일장으로 발생하기 시작한다. 런너에서 아들그루(子株)가 생겨나면서 분기하며 어미그루(母株) 1포기에서 보통 50∼100포기까지 번식시키고 있다. 종자번식법은 육종분야에서만 이용되고 있다. 실제 딸기의 재배기술은 이들 생육단계를 잘 맞추어서 종합적으로 체계화함에 따라 성립된 것이다. 따라서 이들 생육단계가 어떤 원인으로 어떻게 변화하며 어떤 결과가 되느냐 하는 기초지식은 딸기재배에서 매우 중요하다.<br> *온도와 일장<br> 딸기의 생육적온은 주간 17∼20℃ 야간 10℃ 내외이며 약간 서늘한 기후를 좋아한다. 특히 내한성이 강하여 -2∼-3℃ 정도의 저온에도 견디나 -7℃ 이하에서는 동해를 받는다. 25℃ 이상에서는 생육이 지연되고 30℃ 이상에서는 생육이 정지되며 37℃ 내외에서는 고온 장해를 받는다. 특히 개화기의 꽃이나 꽃봉오리가 온도에 민감하여 5℃ 이하에서 장시간 경과하거나 0℃ 내외에서 1∼2시간 경과하면 냉해를 받아 꽃받침 부분이 검게 변하며 35℃ 이상 고온에서는 암술머리가 장해를 받아 화분의 발아가 불량하여 기형과 또는 불수정과의 원인이 된다. <br> <br> 일장조건은 온도와 함께 작용하여 꽃눈분화와 휴면을 좌우하는 중요한 요인이다. 저온과 단일조건에서 꽃눈이 분화되고 이어서 휴면에 돌입하며 겨울을 지나면서 자연적인 저온처리로 휴면에서 깨어 봄에 개화 결실하며 여름의 고온장일조건에서는 경엽의 생장이 촉진되고 자묘를 발생시켜 번식한다. 일장적응성을 잘 이용하여 전조 암흑처리 야냉육묘 등 꽃눈분화와 생육을 조절하는 기술이 실용화되고 있다.<br> <br> *토양 및 수분적응성<br> 딸기는 토양에 대한 적응성이 넓어 토성을 별로 가리지 않으나 통기성과 보수성이 좋고 유기질이 풍부한 양토나 식양토에서 생육이 양호하다. 사질토에서는 초기생육이 좋으며 수확기도 빠르지만 초세가 빨리 쇠약해져서 수확기간이 짧고 수확량도 적다. <br> <br> 산성토양에는 비교적 강하지만 pH 5.0 이상이면 정상적 생육이 가능하나 강산성 토양에서는 새잎의 전개와 발육이 나쁘고 위축된다. <br> <br> 토양수분은 꽃이 피기까지는 pF 2.0∼2.5 그후 수확까지는 pF 1.5∼2.0의 다소 다습한 상태가 열매의 비대에 좋다. 개화기에는 약간 건조한 편이 좋으나 유묘기나 과실비대기 및 수확기에는 건조하면 생육이 불량해진다.<br> <br>,눈마름병<br>세균모무늬병<br>역병<br>잿빛곰팡이병<br>탄저병<br>흰가루병<br>꽃노랑총채벌레<br>목화진딧물<br>작은뿌리파리<br>점박이응애<br>파밤나방,,면역력 강화 딸기에 풍부하게 함유된 비타민C 안토시아닌 라이코펜 등의 성분은 혈액순환과 신진대사를 촉진하여 감기예방에 도움을 주며 면역력을 높여주는데 효과적입니다.
과일,참외,4989783,5968524,,10,하,3,상,봄-5월 하순,2590,영어로는 Korean melon으로 불릴 정도로 대한민국에서 많이 나는 참외는 굵은 노란 바탕과 하얀 줄이 특징으로， 칼로 껍질을 벗기면 하얀 과육이 나온다. 맛은 멜론과 비슷하나 참외는 식감이 좀더 아삭아삭하고 단단하다. 제철에 먹을 경우 이 하얀 과육 부분에서도 단맛이 풍부하기 때문에 메론보다 더 달기도 하다.,Y,참외는 고온성 채소로서 저온에 대해서는 수박보다 민감하다. <br> 기후는 고온 건조한 편이 좋고 토양은 물빠짐이 좋으면서 수분을 잘 지니는 땅이 좋다. <br> 재배방식에는 보통재배 조숙재배(早熟栽培) 터널재배 반촉성재배 억제재배가 있다. <br> <br> ① 보통재배:직파하고 핫캡을 씌워 생육을 어느 정도 촉진시킨다. 한국에서는 대부분 조숙재배를 한다.<br> ② 조숙재배:온상에 파종하여 모종을 가꾸어서 터널 안에 정식하여 6월 중 하순부터 수확하는 방법이다. <br> ③ 터널재배:모종을 4월 중순에 터널 안에 정식하여 조숙재배보다 약간 일찍 수확하는 방식이다. <br> ④ 반촉성재배:1월 중 하순에 비닐 하우스 안에 설치한 온상에 파종하고 3월 중 하순에 하우스 안에 정식하여 5월 상순부터 수확하는 방식이다. <br> ⑤ 억제재배:냉량한 산간지대 또는 평지의 질흙에서 5월 상 중순에 파종하여 보통재배보다 약간 늦게 수확하는 재배방식이다. <br> <br> 참외는 꽃이 핀 지 25～35일이면 수확할 수 있는데 초기에는 35일 정도이나 후기에는 25～28일이면 수확할 수 있다. 열매자루가 달린 부분이 갈라지기 쉬운 품종은 2～3일 앞당겨 수확하는 것이 좋다.,노균병<br>흰가루병<br>꽃노랑총채벌레<br>담배가루이<br>목화진딧물<br>뿌리혹선충<br>아메리카잎굴파리<br>점박이응애,,수분 함량이 90% 정도인 참외는 갈증해소에 도움이 되고 땀을 많이 흘리는 여름철 탈수를 막아주며 칼륨이 많아 이뇨작용을 촉진시키는 효과가 있습니다. 하지만 칼륨 섭취를 자제해야 하는 콩팥환자의 경우 독이 될 수 있으니 섭취에 주의가 필요합니다.
